{"client_meta":{"background_color":{"r":0.8666666746139526,"g":0.8666666746139526,"b":0.8666666746139526,"a":1},"thumbnail_size":{"width":188,"height":400},"render_coordinates":{"x":-3655,"y":-1664,"width":8863,"height":18900}},"file_name":"전통 조경 안전지도","developer_related_links":[]}